{"cameraMode":{"drawMode":0,"name":"Shaded","section":"Shading Mode"},"sceneLighting":false,"audioPlay":false,"sceneViewState":{"showFog":true,"showMaterialUpdate":false,"showSkybox":false,"showFlares":true,"showImageEffects":true,"showParticleSystems":true},"in2DMode":false,"pivot":{"x":-0.2879999876022339,"y":0.9499999284744263,"z":0.0},"rotation":{"x":-0.10410641878843308,"y":-0.7594155669212341,"z":0.12552475929260255,"w":-0.6298360824584961},"size":0.5715767741203308,"orthographic":false}