{"cameraMode":{"drawMode":0,"name":"Shaded","section":"Shading Mode"},"sceneLighting":false,"audioPlay":false,"sceneViewState":{"showFog":true,"showMaterialUpdate":false,"showSkybox":true,"showFlares":true,"showImageEffects":true,"showParticleSystems":true},"in2DMode":false,"pivot":{"x":12.092241287231446,"y":-0.45067644119262698,"z":3.188180923461914},"rotation":{"x":0.056132376194000247,"y":0.6798538565635681,"z":-0.05232607573270798,"w":0.7293215990066528},"size":16.5582218170166,"orthographic":false}