{"cameraMode":{"drawMode":0,"name":"Shaded","section":"Shading Mode"},"sceneLighting":true,"audioPlay":false,"sceneViewState":{"showFog":true,"showMaterialUpdate":false,"showSkybox":false,"showFlares":true,"showImageEffects":true,"showParticleSystems":true},"in2DMode":false,"pivot":{"x":-0.5743932127952576,"y":-0.36545413732528689,"z":-0.11022594571113587},"rotation":{"x":0.15503737330436707,"y":-0.74852055311203,"z":0.18818986415863038,"w":0.6166563034057617},"size":0.9126150012016296,"orthographic":false}