{"cameraMode":{"drawMode":0,"name":"Shaded","section":"Shading Mode"},"sceneLighting":false,"audioPlay":false,"sceneViewState":{"showFog":true,"showMaterialUpdate":false,"showSkybox":false,"showFlares":true,"showImageEffects":true,"showParticleSystems":true},"in2DMode":false,"pivot":{"x":-0.023001626133918763,"y":0.9217432737350464,"z":-0.08740496635437012},"rotation":{"x":-0.010354208759963513,"y":-0.9865337014198303,"z":0.14789916574954987,"w":-0.06906457990407944},"size":0.9000498652458191,"orthographic":false}