{"cameraMode":{"drawMode":0,"name":"Shaded","section":"Shading Mode"},"sceneLighting":false,"audioPlay":false,"sceneViewState":{"showFog":true,"showMaterialUpdate":false,"showSkybox":true,"showFlares":true,"showImageEffects":true,"showParticleSystems":true},"in2DMode":false,"pivot":{"x":2.2258355617523195,"y":1.3942495584487916,"z":-0.6945083141326904},"rotation":{"x":0.04391670227050781,"y":0.7471950650215149,"z":-0.04962080344557762,"w":0.6612932085990906},"size":5.9041852951049809,"orthographic":false}