{"cameraMode":{"drawMode":0,"name":"Shaded","section":"Shading Mode"},"sceneLighting":true,"audioPlay":false,"sceneViewState":{"showFog":true,"showMaterialUpdate":false,"showSkybox":true,"showFlares":true,"showImageEffects":true,"showParticleSystems":true},"in2DMode":false,"pivot":{"x":0.8201121091842651,"y":0.12997126579284669,"z":0.14787089824676515},"rotation":{"x":-0.2166646271944046,"y":-0.6399713158607483,"z":0.19503240287303925,"w":-0.710953950881958},"size":15.087366104125977,"orthographic":false}