{"cameraMode":{"drawMode":0,"name":"Shaded","section":"Shading Mode"},"sceneLighting":false,"audioPlay":false,"sceneViewState":{"showFog":true,"showMaterialUpdate":false,"showSkybox":true,"showFlares":true,"showImageEffects":true,"showParticleSystems":true},"in2DMode":false,"pivot":{"x":12.206016540527344,"y":-0.7398773431777954,"z":0.932441771030426},"rotation":{"x":0.056132376194000247,"y":0.6798538565635681,"z":-0.05232607573270798,"w":0.7293215990066528},"size":13.772955894470215,"orthographic":false}