{"cameraMode":{"drawMode":0,"name":"Shaded","section":"Shading Mode"},"sceneLighting":true,"audioPlay":false,"sceneViewState":{"showFog":true,"showMaterialUpdate":false,"showSkybox":true,"showFlares":true,"showImageEffects":true,"showParticleSystems":true},"in2DMode":false,"pivot":{"x":0.12360669672489166,"y":1.010926365852356,"z":-0.09742265939712525},"rotation":{"x":-0.048754818737506869,"y":-0.9351933002471924,"z":0.3206508457660675,"w":-0.1421952247619629},"size":0.8526884913444519,"orthographic":false}